Max Humidity,Avg Humidity,Min Humidity,Max Wind Speed,Avg Wind Speed,Min Wind Speed,Max Temperature (C),Avg Temperature (C),Min Temperature (C),Max Dew Point (C),Avg Dew Point (C),Min Dew Point (C),Date,DayOfWeek,IsWeekend,TempChange_Max,TempChange_Min,TempChange_Avg,TempChange_Avg_3,Humidity_Diff,DewPoint_Diff,Rolling_Avg_Temp_3,Rolling_Avg_Temp_7,Rolling_Avg_Humidity_7
100.0,79.7,52.0,49.0,3.0,0.0,18.89,13.44,8.89,12.22,9.61,8.89,2024-01-01,6,1,1.1099999999999994,-2.219999999999999,-0.8399999999999999,-0.5933333333333337,48.0,3.33,14.406666666666672,13.03,81.02857142857144
100.0,90.4,63.0,6.0,2.4,0.0,17.22,12.0,8.89,12.22,10.28,8.89,2024-01-02,0,0,-1.6700000000000017,0.0,-1.4399999999999995,-1.1666666666666667,37.0,3.33,13.240000000000004,13.482857142857142,80.04285714285713
100.0,86.2,67.0,7.0,4.6,0.0,13.89,10.83,7.78,10.0,8.28,7.22,2024-01-03,1,0,-3.3299999999999983,-1.1100000000000003,-1.17,-1.1499999999999997,33.0,2.78,12.090000000000003,13.554285714285715,79.67142857142858
100.0,91.3,72.0,7.0,3.4,0.0,12.78,9.44,7.22,10.0,7.94,7.22,2024-01-04,2,0,-1.1100000000000012,-0.5600000000000005,-1.3900000000000006,-1.3333333333333333,28.0,2.78,10.75666666666667,12.95857142857143,82.15714285714286
100.0,92.1,72.0,5.0,1.5,0.0,12.78,8.67,7.22,10.0,7.28,6.11,2024-01-05,3,0,0.0,0.0,-0.7699999999999996,-1.11,28.0,3.89,9.64666666666667,12.022857142857143,85.62857142857142
100.0,88.6,55.0,7.0,2.5,0.0,13.89,8.67,5.0,7.78,6.72,5.0,2024-01-06,4,0,1.1100000000000012,-2.22,0.0,-0.7200000000000001,45.0,2.78,8.926666666666671,11.047142857142855,87.22857142857143
100.0,89.0,63.0,7.0,4.3,0.0,13.89,8.28,3.89,8.89,6.39,3.89,2024-01-07,5,1,0.0,-1.11,-0.3900000000000005,-0.3866666666666667,37.0,5.0,8.540000000000004,10.19,88.18571428571428
100.0,92.5,67.0,6.0,2.3,0.0,15.0,9.56,6.11,11.11,8.22,5.0,2024-01-08,6,1,1.1099999999999994,2.22,1.2800000000000011,0.2966666666666668,33.0,6.109999999999999,8.836666666666671,9.635714285714286,90.01428571428572
100.0,93.6,77.0,6.0,1.8,0.0,16.11,10.83,7.22,12.78,9.89,7.22,2024-01-09,0,0,1.1099999999999994,1.1099999999999994,1.2699999999999996,0.7200000000000001,23.0,5.56,9.556666666666672,9.468571428571428,90.47142857142858
100.0,89.3,59.0,7.0,4.7,2.0,17.22,11.17,7.22,12.22,9.22,7.22,2024-01-10,1,0,1.1099999999999994,0.0,0.3399999999999998,0.9633333333333336,41.0,5.000000000000001,10.520000000000003,9.517142857142858,90.91428571428573
100.0,89.0,52.0,12.0,6.2,0.0,20.0,12.39,7.78,12.78,10.33,7.22,2024-01-11,2,0,2.780000000000001,0.5600000000000005,1.2200000000000006,0.9433333333333334,48.0,5.56,11.463333333333338,9.93857142857143,90.58571428571427
100.0,89.7,60.0,8.0,5.4,3.0,20.0,14.39,10.0,15.0,12.5,10.0,2024-01-12,3,0,0.0,2.22,2.0,1.1866666666666668,40.0,5.0,12.650000000000006,10.755714285714287,90.24285714285716
100.0,93.4,73.0,10.0,6.5,0.0,20.0,15.0,12.22,17.22,13.78,12.22,2024-01-13,4,0,0.0,2.2200000000000006,0.6099999999999994,1.2766666666666666,27.0,4.999999999999998,13.926666666666671,11.66,90.92857142857144
100.0,82.4,51.0,12.0,7.7,5.0,17.22,11.61,5.0,12.22,8.33,3.89,2024-01-14,5,1,-2.780000000000001,-7.220000000000001,-3.390000000000001,-0.2600000000000004,49.0,8.33,13.666666666666671,12.135714285714286,89.98571428571428
93.0,55.5,23.0,12.0,5.0,0.0,16.11,10.44,5.0,3.89,0.56,-5.0,2024-01-15,6,1,-1.1099999999999994,0.0,-1.17,-1.316666666666667,70.0,8.89,12.350000000000003,12.26142857142857,84.7
93.0,60.6,30.0,8.0,3.9,0.0,17.22,11.17,5.0,7.22,2.67,-1.11,2024-01-16,0,0,1.1099999999999994,0.0,0.7300000000000004,-1.2766666666666666,63.0,8.33,11.073333333333338,12.31,79.98571428571428
93.0,52.8,21.0,9.0,3.4,0.0,17.78,11.06,6.11,5.0,0.11,-5.0,2024-01-17,1,0,0.5600000000000023,1.1100000000000003,-0.1099999999999994,-0.183333333333333,72.0,10.0,10.890000000000006,12.294285714285715,74.77142857142857
87.0,54.9,24.0,7.0,2.1,0.0,17.78,11.78,6.11,5.0,1.89,-2.78,2024-01-18,2,0,0.0,0.0,0.7199999999999989,0.4466666666666666,63.0,7.779999999999999,11.336666666666671,12.207142857142856,69.9
71.0,49.7,26.0,8.0,3.3,0.0,20.0,15.17,8.89,7.22,4.0,0.0,2024-01-19,3,0,2.219999999999999,2.78,3.390000000000001,1.3333333333333333,45.0,7.22,12.670000000000003,12.318571428571428,64.18571428571428
94.0,64.1,26.0,9.0,4.2,0.0,22.22,15.44,8.89,12.22,8.11,0.0,2024-01-20,4,0,2.219999999999999,2.78,0.2699999999999996,1.4599999999999995,45.0,7.22,14.130000000000004,12.38142857142857,60.0
100.0,80.2,26.0,6.0,1.6,0.0,21.11,14.83,10.0,13.89,11.5,10.0,2024-01-21,5,1,-1.1099999999999994,2.78,-0.6099999999999994,1.0166666666666668,45.0,3.890000000000001,15.14666666666667,12.84142857142857,59.68571428571429
100.0,72.9,29.0,7.0,2.3,0.0,22.78,15.56,10.0,12.78,9.61,3.89,2024-01-22,6,1,1.6700000000000017,0.0,0.7300000000000004,0.1300000000000002,71.0,8.889999999999999,15.27666666666667,13.572857142857142,62.17142857142858
100.0,61.7,24.0,7.0,2.8,0.0,23.89,17.44,10.0,13.89,8.33,2.22,2024-01-23,0,0,1.1099999999999994,0.0,1.8800000000000008,0.6666666666666673,76.0,11.67,15.943333333333335,14.468571428571428,62.32857142857143
100.0,85.3,64.0,12.0,5.8,0.0,20.0,17.06,13.89,16.11,14.39,12.22,2024-01-24,1,0,-3.890000000000001,3.890000000000001,-0.3800000000000025,0.7433333333333328,36.0,3.889999999999999,16.68666666666667,15.325714285714286,66.97142857142856
100.0,93.8,83.0,7.0,4.5,0.0,17.78,15.44,12.78,16.11,14.33,12.78,2024-01-25,2,0,-2.219999999999999,-1.1100000000000012,-1.6199999999999992,-0.0400000000000003,17.0,3.33,16.646666666666672,15.848571428571429,72.52857142857142
100.0,93.3,82.0,9.0,6.1,3.0,15.0,12.72,8.89,15.0,11.67,6.11,2024-01-26,3,0,-2.780000000000001,-3.889999999999999,-2.719999999999999,-1.5733333333333337,18.0,8.89,15.073333333333338,15.498571428571427,78.75714285714285
100.0,66.6,37.0,10.0,6.5,3.0,18.89,12.33,6.11,7.78,5.61,2.78,2024-01-27,4,0,3.890000000000001,-2.78,-0.3900000000000005,-1.5766666666666662,63.0,5.0,13.496666666666671,15.054285714285715,79.11428571428571
100.0,69.6,33.0,8.0,3.6,0.0,22.22,13.89,5.0,11.11,7.33,3.89,2024-01-28,5,1,3.3299999999999983,-1.1100000000000003,1.5600000000000005,-0.5166666666666663,67.0,7.219999999999999,12.980000000000006,14.92,77.60000000000001
100.0,93.2,59.0,17.0,4.2,0.0,17.22,13.33,11.11,13.89,12.17,8.89,2024-01-29,6,1,-5.0,6.109999999999999,-0.5600000000000005,0.2033333333333331,41.0,5.0,13.183333333333335,14.60142857142857,80.5
100.0,93.6,77.0,17.0,4.7,0.0,17.78,14.72,12.22,16.11,13.56,12.22,2024-01-30,0,0,0.5600000000000023,1.1100000000000012,1.3900000000000006,0.7966666666666669,23.0,3.889999999999999,13.980000000000006,14.212857142857144,85.05714285714285
100.0,93.8,82.0,10.0,7.5,3.0,17.78,14.83,12.22,16.11,13.78,11.11,2024-01-31,1,0,0.0,0.0,0.1099999999999994,0.3133333333333332,18.0,5.0,14.293333333333338,13.894285714285717,86.27142857142857
100.0,82.0,49.0,12.0,7.3,3.0,20.0,14.0,10.0,12.78,10.72,8.89,2024-02-01,2,0,2.219999999999999,-2.2200000000000006,-0.8300000000000001,0.2233333333333333,51.0,3.889999999999999,14.516666666666673,13.688571428571429,84.58571428571429
100.0,69.5,33.0,12.0,5.2,0.0,22.78,15.67,8.89,12.22,9.0,6.11,2024-02-02,3,0,2.780000000000001,-1.1099999999999994,1.67,0.3166666666666664,67.0,6.11,14.833333333333336,14.11,81.18571428571428
100.0,66.3,38.0,9.0,4.0,0.0,22.78,16.56,8.89,11.11,9.44,7.22,2024-02-03,4,0,0.0,0.0,0.8899999999999988,0.5766666666666662,62.0,3.89,15.410000000000004,14.714285714285714,81.14285714285714
88.0,68.3,34.0,12.0,5.3,0.0,23.89,16.78,12.22,12.78,10.22,7.22,2024-02-04,5,1,1.1099999999999994,3.33,0.2200000000000024,0.9266666666666672,54.0,5.56,16.336666666666673,15.127142857142855,80.95714285714287
94.0,65.7,29.0,10.0,3.6,0.0,25.0,17.67,12.22,12.22,10.22,5.0,2024-02-05,6,1,1.1099999999999994,0.0,0.8900000000000006,0.6666666666666673,65.0,7.220000000000001,17.00333333333334,15.747142857142858,77.02857142857144
94.0,66.5,30.0,7.0,3.3,0.0,27.78,20.61,12.78,17.22,13.0,7.78,2024-02-06,0,0,2.780000000000001,0.5599999999999987,2.9399999999999977,1.3500000000000003,64.0,9.439999999999998,18.35333333333334,16.58857142857143,73.15714285714286
100.0,63.6,33.0,12.0,6.8,3.0,23.89,17.67,12.22,13.89,9.72,5.0,2024-02-07,1,0,-3.890000000000001,-0.5599999999999987,-2.9399999999999977,0.2966666666666668,67.0,8.89,18.65000000000001,16.994285714285716,68.84285714285714
88.0,61.0,27.0,10.0,5.0,0.0,23.89,17.06,11.11,11.11,8.5,3.89,2024-02-08,2,0,0.0,-1.1100000000000012,-0.610000000000003,-0.2033333333333343,61.0,7.219999999999999,18.446666666666676,17.431428571428572,65.84285714285714
94.0,58.2,20.0,7.0,5.0,0.0,28.89,20.11,12.22,13.89,9.78,2.78,2024-02-09,3,0,5.0,1.1100000000000012,3.0500000000000007,-0.1666666666666666,74.0,11.11,18.280000000000005,18.06571428571429,64.22857142857143
94.0,62.4,26.0,7.0,3.0,0.0,28.89,21.22,13.89,17.22,12.17,7.22,2024-02-10,4,0,0.0,1.67,1.1099999999999994,1.1833333333333325,68.0,10.0,19.46333333333334,18.731428571428573,63.67142857142858
94.0,68.3,42.0,10.0,6.0,0.0,26.11,19.94,12.78,17.22,13.5,7.22,2024-02-11,5,1,-2.780000000000001,-1.1100000000000012,-1.2799999999999976,0.9600000000000009,52.0,10.0,20.423333333333336,19.18285714285714,63.67142857142857
82.0,47.0,20.0,12.0,7.7,2.0,22.22,16.33,8.89,8.89,3.72,-2.22,2024-02-12,6,1,-3.890000000000001,-3.889999999999999,-3.610000000000003,-1.2600000000000005,62.0,11.11,19.163333333333338,18.99142857142857,61.0
66.0,41.8,17.0,17.0,9.3,2.0,22.22,15.22,8.89,3.89,0.89,-3.89,2024-02-13,0,0,0.0,0.0,-1.1099999999999977,-1.9999999999999996,49.0,7.78,17.163333333333338,18.22142857142857,57.471428571428575
71.0,41.9,18.0,12.0,5.2,0.0,23.89,17.22,11.11,6.11,2.83,-2.78,2024-02-14,1,0,1.6700000000000017,2.219999999999999,1.9999999999999984,-0.9066666666666676,53.0,8.89,16.25666666666667,18.15714285714285,54.37142857142857
77.0,53.8,23.0,10.0,5.3,0.0,27.22,19.0,11.11,11.11,8.5,3.89,2024-02-15,2,0,3.3299999999999983,0.0,1.7800000000000011,0.8900000000000006,54.0,7.219999999999999,17.146666666666672,18.434285714285718,53.34285714285714
94.0,71.0,42.0,5.0,1.9,0.0,27.22,20.22,13.89,17.22,14.17,11.11,2024-02-16,3,0,0.0,2.780000000000001,1.2199999999999989,1.666666666666666,52.0,6.109999999999999,18.81333333333334,18.45,55.17142857142857
100.0,72.2,37.0,6.0,1.8,0.0,27.78,21.44,16.11,17.78,15.5,12.22,2024-02-17,4,0,0.5600000000000023,2.219999999999999,1.2200000000000024,1.4066666666666674,63.0,5.5600000000000005,20.22000000000001,18.481428571428573,56.57142857142856
100.0,69.1,35.0,7.0,2.3,0.0,27.78,21.0,15.0,16.11,14.11,11.11,2024-02-18,5,1,0.0,-1.1099999999999994,-0.4400000000000013,0.6666666666666666,65.0,5.0,20.886666666666677,18.632857142857144,56.68571428571429
100.0,66.9,33.0,6.0,2.0,0.0,30.0,22.44,15.0,17.78,14.83,11.11,2024-02-19,6,1,2.219999999999999,0.0,1.4400000000000013,0.7400000000000008,67.0,6.670000000000002,21.62666666666668,19.505714285714284,59.52857142857143
100.0,58.1,17.0,8.0,5.1,2.0,32.78,23.67,16.11,17.78,12.83,3.89,2024-02-20,0,0,2.780000000000001,1.1099999999999994,1.2300000000000004,0.7433333333333335,83.0,13.89,22.370000000000008,20.712857142857143,61.85714285714285
94.0,66.0,37.0,8.0,5.2,0.0,28.89,23.72,17.22,21.11,16.33,11.11,2024-02-21,1,0,-3.890000000000001,1.1099999999999994,0.0499999999999971,0.9066666666666664,57.0,10.0,23.276666666666674,21.641428571428573,65.3
100.0,77.7,45.0,6.0,3.5,0.0,27.22,20.28,15.0,20.0,15.67,12.78,2024-02-22,2,0,-1.6700000000000017,-2.219999999999999,-3.4399999999999977,-0.7200000000000001,55.0,7.220000000000001,22.556666666666672,21.824285714285715,68.71428571428571
94.0,57.2,23.0,10.0,4.7,0.0,27.78,20.94,15.0,16.11,10.78,5.0,2024-02-23,3,0,0.5600000000000023,0.0,0.6600000000000001,-0.91,71.0,11.11,21.646666666666675,21.927142857142854,66.74285714285715
88.0,56.6,19.0,8.0,4.1,0.0,28.89,21.22,13.89,13.89,10.89,2.78,2024-02-24,4,0,1.1099999999999994,-1.1099999999999994,0.2799999999999976,-0.8333333333333334,69.0,11.11,20.813333333333343,21.895714285714288,64.51428571428572
88.0,58.4,27.0,6.0,2.5,0.0,28.89,22.22,15.0,16.11,12.33,7.78,2024-02-25,5,1,0.0,1.1099999999999994,1.0,0.646666666666666,61.0,8.329999999999998,21.460000000000008,22.07,62.98571428571428
82.0,53.2,25.0,6.0,3.3,0.0,30.0,23.56,17.22,15.0,12.28,7.78,2024-02-26,6,1,1.1099999999999994,2.219999999999999,1.34,0.8733333333333325,57.0,7.22,22.333333333333343,22.23,61.02857142857143
83.0,56.2,22.0,7.0,3.0,0.0,31.11,23.39,17.78,17.22,13.0,7.22,2024-02-27,0,0,1.1099999999999994,0.5600000000000023,-0.1699999999999981,0.7233333333333339,61.0,10.0,23.056666666666672,22.19,60.75714285714286
83.0,45.4,25.0,12.0,5.4,0.0,30.0,24.06,17.78,16.11,10.28,6.11,2024-02-28,1,0,-1.1099999999999994,0.0,0.6699999999999982,0.6133333333333333,58.0,10.0,23.670000000000005,22.238571428571426,57.81428571428571
78.0,47.7,28.0,12.0,3.6,0.0,28.89,23.17,17.78,15.0,10.56,7.78,2024-03-01,2,0,-1.1099999999999994,0.0,-0.889999999999997,-0.129999999999999,50.0,7.22,23.540000000000006,22.65142857142857,53.52857142857143
94.0,54.8,29.0,8.0,3.6,0.0,30.0,23.67,17.22,16.11,13.17,10.0,2024-03-02,3,0,1.1099999999999994,-0.5600000000000023,0.5,0.0933333333333337,65.0,6.109999999999999,23.63333333333334,23.04142857142857,53.18571428571428
94.0,56.6,22.0,9.0,6.2,0.0,31.11,23.72,17.22,17.22,13.33,6.11,2024-03-03,4,0,1.1099999999999994,0.0,0.0499999999999971,-0.1133333333333332,72.0,11.11,23.520000000000007,23.398571428571422,53.18571428571429
73.0,55.6,32.0,9.0,5.7,0.0,26.11,22.06,17.78,15.0,12.39,7.78,2024-03-04,5,1,-5.0,0.5600000000000023,-1.66,-0.370000000000001,41.0,7.22,23.15000000000001,23.375714285714285,52.785714285714285
88.0,55.2,30.0,12.0,5.9,0.0,30.0,23.56,17.78,16.11,13.22,10.0,2024-03-05,6,1,3.890000000000001,0.0,1.5,-0.0366666666666676,58.0,6.109999999999999,23.11333333333334,23.375714285714285,53.07142857142857
94.0,53.6,28.0,12.0,4.5,0.0,28.89,23.11,17.22,16.11,12.06,7.78,2024-03-06,0,0,-1.1099999999999994,-0.5600000000000023,-0.4499999999999993,-0.2033333333333331,66.0,8.329999999999998,22.910000000000007,23.335714285714285,52.7
83.0,46.0,21.0,8.0,2.6,0.0,30.0,23.44,17.78,15.0,9.94,3.89,2024-03-07,1,0,1.1099999999999994,0.5600000000000023,0.3300000000000018,0.4600000000000008,62.0,11.11,23.370000000000005,23.247142857142855,52.785714285714285
68.0,47.6,30.0,8.0,3.8,0.0,28.89,23.78,17.78,13.89,11.67,8.89,2024-03-08,2,0,-1.1099999999999994,0.0,0.3399999999999998,0.0733333333333341,38.0,5.0,23.44333333333334,23.33428571428571,52.771428571428565
83.0,51.1,28.0,8.0,3.2,0.0,28.89,23.83,18.89,16.11,12.44,8.89,2024-03-09,3,0,0.0,1.1099999999999994,0.0499999999999971,0.2399999999999996,55.0,7.219999999999999,23.683333333333337,23.357142857142858,52.24285714285715
94.0,61.4,33.0,9.0,4.1,0.0,28.89,23.83,17.78,17.78,15.11,11.11,2024-03-10,4,0,0.0,-1.1099999999999994,0.0,0.129999999999999,61.0,6.670000000000002,23.813333333333343,23.372857142857143,52.92857142857143
88.0,47.3,17.0,8.0,2.9,0.0,31.11,24.44,17.78,17.78,10.72,2.22,2024-03-11,5,1,2.219999999999999,0.0,0.610000000000003,0.22,71.0,15.56,24.033333333333346,23.712857142857143,51.74285714285714
68.0,42.4,20.0,7.0,2.7,0.0,32.78,25.94,17.78,13.89,10.94,7.22,2024-03-12,6,1,1.6700000000000017,0.0,1.5,0.7033333333333344,48.0,6.670000000000001,24.736666666666675,24.052857142857142,49.91428571428571
83.0,47.6,21.0,8.0,3.0,0.0,32.78,26.39,20.0,17.78,13.17,7.78,2024-03-13,0,0,0.0,2.219999999999999,0.4499999999999993,0.853333333333334,62.0,10.0,25.590000000000007,24.52142857142857,49.05714285714286
88.0,53.3,24.0,9.0,3.6,0.0,32.22,25.72,20.0,18.89,14.33,8.89,2024-03-14,1,0,-0.5600000000000023,0.0,-0.6700000000000017,0.4266666666666658,64.0,10.0,26.01666666666668,24.847142857142853,50.1
83.0,45.2,21.0,6.0,2.5,0.0,32.78,26.72,20.0,17.78,12.5,7.78,2024-03-15,2,0,0.5600000000000023,0.0,1.0,0.2599999999999992,62.0,10.0,26.27666666666667,25.26714285714285,49.75714285714286
57.0,38.9,18.0,9.0,4.2,0.0,32.78,26.33,20.0,15.0,10.33,6.11,2024-03-16,3,0,0.0,0.0,-0.3900000000000005,-0.0200000000000007,39.0,8.89,26.25666666666667,25.624285714285715,48.01428571428571
73.0,48.8,28.0,8.0,4.0,0.0,28.89,24.28,20.0,16.11,12.39,8.89,2024-03-17,4,0,-3.890000000000001,0.0,-2.049999999999997,-0.4799999999999992,45.0,7.219999999999999,25.77666666666667,25.688571428571432,46.21428571428572
100.0,88.3,45.0,12.0,5.0,0.0,28.89,19.44,17.22,18.89,17.33,16.11,2024-03-18,5,1,0.0,-2.780000000000001,-4.84,-2.426666666666666,55.0,2.780000000000001,23.35000000000001,24.974285714285717,52.07142857142857
100.0,83.8,61.0,12.0,2.5,0.0,26.11,20.83,17.22,22.22,17.83,15.0,2024-03-19,6,1,-2.780000000000001,0.0,1.389999999999997,-1.8333333333333333,39.0,7.219999999999999,21.51666666666668,24.244285714285716,57.98571428571428
100.0,84.2,53.0,17.0,5.5,0.0,25.0,19.28,15.0,17.78,16.17,13.89,2024-03-20,0,0,-1.1099999999999994,-2.219999999999999,-1.5499999999999972,-1.6666666666666667,47.0,3.890000000000001,19.85000000000001,23.228571428571428,63.21428571428572
100.0,81.7,53.0,6.0,2.7,0.0,23.89,20.11,16.11,17.78,16.56,12.78,2024-03-21,1,0,-1.1099999999999994,1.1099999999999994,0.8299999999999983,0.2233333333333327,47.0,5.000000000000002,20.07333333333334,22.427142857142854,67.27142857142857
100.0,71.3,32.0,12.0,3.0,0.0,27.78,21.44,17.22,18.89,15.22,10.0,2024-03-22,2,0,3.890000000000001,1.1099999999999994,1.3300000000000018,0.2033333333333343,68.0,8.89,20.276666666666674,21.672857142857143,71.0
94.0,57.5,30.0,8.0,2.9,0.0,28.89,24.06,17.22,17.78,14.28,8.89,2024-03-23,3,0,1.1099999999999994,0.0,2.619999999999997,1.5933333333333326,64.0,8.89,21.870000000000008,21.34857142857143,73.65714285714286
94.0,74.7,37.0,12.0,7.4,0.0,27.78,21.61,17.78,17.78,16.33,12.22,2024-03-24,4,0,-1.1099999999999994,0.5600000000000023,-2.4499999999999997,0.5,57.0,5.5600000000000005,22.370000000000008,20.967142857142854,77.35714285714286
94.0,63.8,42.0,12.0,4.9,0.0,27.78,23.33,17.22,17.22,15.61,13.89,2024-03-25,5,1,0.0,-0.5600000000000023,1.7199999999999989,0.629999999999999,52.0,3.3299999999999983,23.000000000000004,21.52285714285714,73.85714285714286
83.0,47.5,25.0,10.0,5.2,0.0,28.89,24.22,18.89,16.11,11.06,6.11,2024-03-26,6,1,1.1099999999999994,1.6700000000000017,0.8900000000000006,0.0533333333333333,58.0,10.0,23.053333333333335,22.00714285714286,68.67142857142858
94.0,56.0,34.0,10.0,4.9,0.0,27.22,23.0,17.78,17.78,13.06,10.0,2024-03-27,0,0,-1.6700000000000017,-1.1099999999999994,-1.2199999999999989,0.4633333333333335,60.0,7.780000000000001,23.51666666666667,22.53857142857143,64.64285714285714
83.0,49.1,25.0,10.0,4.4,0.0,30.0,24.39,17.78,16.11,12.11,7.78,2024-03-28,1,0,2.780000000000001,0.0,1.3900000000000006,0.3533333333333341,58.0,8.329999999999998,23.870000000000005,23.15,59.98571428571428
73.0,50.0,25.0,13.0,3.7,0.0,32.22,25.11,20.0,16.11,13.0,8.89,2024-03-29,2,0,2.219999999999999,2.219999999999999,0.7199999999999989,0.2966666666666668,48.0,7.219999999999999,24.16666666666667,23.674285714285716,56.942857142857136
100.0,67.5,31.0,17.0,6.0,0.0,31.11,23.0,17.78,18.89,15.44,11.11,2024-03-30,3,0,-1.1099999999999994,-2.219999999999999,-2.1099999999999994,0.0,69.0,7.780000000000001,24.16666666666667,23.52285714285714,58.371428571428574
100.0,78.6,53.0,14.0,4.8,0.0,25.0,21.17,17.78,20.0,17.0,13.89,2024-03-31,4,0,-6.109999999999999,0.0,-1.8299999999999983,-1.073333333333333,47.0,6.109999999999999,23.093333333333337,23.46,58.92857142857143
100.0,79.6,42.0,17.0,2.3,0.0,27.78,21.06,17.22,17.78,16.83,13.89,2024-04-01,5,1,2.780000000000001,-0.5600000000000023,-0.1100000000000029,-1.3500000000000003,58.0,3.890000000000001,21.74333333333334,23.135714285714283,61.18571428571428
94.0,61.4,37.0,12.0,3.5,0.0,28.89,24.22,17.78,17.78,15.78,12.78,2024-04-02,6,1,1.1099999999999994,0.5600000000000023,3.16,0.4066666666666663,57.0,5.000000000000002,22.15000000000001,23.135714285714283,63.17142857142857
88.0,58.2,31.0,12.0,4.6,0.0,30.0,24.61,20.0,17.78,15.22,11.11,2024-04-03,0,0,1.1099999999999994,2.219999999999999,0.3900000000000005,1.1466666666666658,57.0,6.670000000000002,23.29666666666667,23.365714285714287,63.48571428571428
83.0,51.8,29.0,12.0,5.4,0.0,30.0,24.83,20.0,17.22,13.5,10.0,2024-04-04,1,0,0.0,0.0,0.2199999999999988,1.2566666666666666,54.0,7.219999999999999,24.55333333333334,23.428571428571427,63.871428571428574
78.0,38.8,17.0,9.0,5.9,0.0,32.22,25.44,18.89,16.11,8.94,2.78,2024-04-05,2,0,2.219999999999999,-1.1099999999999994,0.610000000000003,0.4066666666666674,61.0,13.33,24.960000000000008,23.47571428571428,62.27142857142858
52.0,31.5,15.0,9.0,5.5,0.0,32.22,26.72,20.0,10.0,7.22,2.22,2024-04-06,3,0,0.0,1.1099999999999994,1.2799999999999976,0.7033333333333331,37.0,7.779999999999999,25.66333333333334,24.007142857142856,57.12857142857143
50.0,27.0,10.0,10.0,4.8,0.0,32.22,26.17,21.11,11.11,4.06,-3.89,2024-04-07,4,0,0.0,1.1099999999999994,-0.5499999999999972,0.4466666666666678,40.0,15.0,26.11000000000001,24.72142857142857,49.75714285714286
46.0,27.1,10.0,9.0,3.4,0.0,32.78,26.83,18.89,10.0,4.72,-2.22,2024-04-08,5,1,0.5600000000000023,-2.219999999999999,0.6599999999999966,0.4633333333333323,36.0,12.22,26.57333333333334,25.545714285714286,42.25714285714286
53.0,25.1,9.0,9.0,3.4,0.0,35.0,27.72,21.11,11.11,3.94,-2.22,2024-04-09,6,1,2.219999999999999,2.219999999999999,0.8900000000000006,0.3333333333333333,44.0,13.33,26.90666666666668,26.045714285714286,37.07142857142857
46.0,25.4,11.0,13.0,3.2,0.0,33.89,27.94,20.0,8.89,4.83,0.0,2024-04-10,0,0,-1.1099999999999994,-1.1099999999999994,0.2200000000000024,0.5899999999999999,35.0,8.89,27.496666666666677,26.52142857142857,32.385714285714286
44.0,26.8,11.0,12.0,4.6,0.0,36.11,29.11,22.22,11.11,6.67,1.11,2024-04-11,1,0,2.219999999999999,2.219999999999999,1.1699999999999982,0.7600000000000003,33.0,10.0,28.256666666666675,27.132857142857144,28.814285714285717
41.0,27.1,15.0,12.0,4.3,0.0,36.11,29.72,23.89,10.0,8.11,1.11,2024-04-12,2,0,0.0,1.6700000000000017,0.6099999999999994,0.6666666666666666,26.0,8.89,28.923333333333343,27.74428571428572,27.142857142857142
53.0,24.2,8.0,9.0,3.3,0.0,37.78,31.11,22.78,23.89,6.56,-2.22,2024-04-13,3,0,1.6700000000000017,-1.1099999999999994,1.3900000000000006,1.056666666666666,45.0,26.11,29.980000000000008,28.371428571428574,26.1
38.0,20.5,7.0,10.0,3.3,0.0,38.89,31.61,23.89,8.89,4.39,-2.78,2024-04-14,4,0,1.1099999999999994,1.1099999999999994,0.5,0.8333333333333334,31.0,11.67,30.813333333333343,29.148571428571422,25.17142857142857
36.0,19.4,7.0,6.0,2.4,0.0,40.0,32.67,25.0,8.89,4.67,-2.78,2024-04-15,5,1,1.1099999999999994,1.1099999999999994,1.0600000000000025,0.9833333333333344,29.0,11.67,31.79666666666667,29.982857142857146,24.071428571428573
39.0,24.3,12.0,12.0,4.0,0.0,40.0,32.39,23.89,11.11,8.61,5.0,2024-04-16,6,1,0.0,-1.1099999999999994,-0.2800000000000011,0.426666666666667,27.0,6.109999999999999,32.223333333333336,30.65,23.957142857142856
45.0,26.1,10.0,7.0,2.4,0.0,40.0,32.67,26.11,13.89,9.39,2.78,2024-04-17,0,0,0.0,2.219999999999999,0.2800000000000011,0.3533333333333341,35.0,11.11,32.576666666666675,31.32571428571429,24.057142857142857
42.0,24.7,16.0,12.0,4.8,0.0,38.89,33.78,27.22,12.78,10.33,7.78,2024-04-18,1,0,-1.1099999999999994,1.1099999999999994,1.1099999999999994,0.3699999999999998,26.0,4.999999999999999,32.94666666666668,31.99285714285714,23.75714285714286
50.0,34.2,18.0,9.0,5.6,0.0,37.22,30.72,25.0,13.89,12.39,8.89,2024-04-19,2,0,-1.6700000000000017,-2.219999999999999,-3.0600000000000023,-0.5566666666666672,32.0,5.0,32.39000000000001,32.135714285714286,24.77142857142857
61.0,37.9,21.0,17.0,5.0,0.0,33.89,28.67,22.78,17.22,12.33,8.89,2024-04-20,3,0,-3.3299999999999983,-2.219999999999999,-2.049999999999997,-1.3333333333333333,40.0,8.329999999999998,31.056666666666672,31.787142857142857,26.728571428571428
53.0,30.8,12.0,9.0,5.8,2.0,36.11,29.22,22.22,12.78,8.89,2.22,2024-04-21,4,0,2.219999999999999,-0.5600000000000023,0.5499999999999972,-1.520000000000001,41.0,10.56,29.536666666666672,31.445714285714285,28.2
41.0,21.9,12.0,12.0,6.3,2.0,33.89,29.56,23.89,10.0,4.83,1.11,2024-04-22,5,1,-2.219999999999999,1.6700000000000017,0.3399999999999998,-0.3866666666666667,29.0,8.89,29.15000000000001,31.00142857142857,28.557142857142853
41.0,27.2,16.0,14.0,5.5,0.0,32.22,26.33,22.22,7.78,5.44,2.22,2024-04-23,6,1,-1.6700000000000017,-1.6700000000000017,-3.2300000000000004,-0.7800000000000011,25.0,5.5600000000000005,28.370000000000005,30.135714285714283,28.97142857142857
47.0,32.6,18.0,12.0,6.3,0.0,32.22,26.78,22.22,11.11,8.33,5.0,2024-04-24,0,0,0.0,0.0,0.4500000000000028,-0.8133333333333326,29.0,6.109999999999999,27.556666666666672,29.29428571428571,29.9
50.0,32.4,17.0,10.0,4.2,0.0,33.89,27.78,21.11,12.78,9.0,6.11,2024-04-25,1,0,1.6700000000000017,-1.1099999999999994,1.0,-0.5933333333333325,33.0,6.669999999999999,26.96333333333334,28.43714285714285,31.0
50.0,29.2,15.0,7.0,4.2,0.0,35.0,29.72,22.78,12.22,9.28,5.0,2024-04-26,2,0,1.1099999999999994,1.6700000000000017,1.9399999999999975,1.13,35.0,7.220000000000001,28.093333333333337,28.29428571428571,30.285714285714285
50.0,30.3,11.0,12.0,5.2,0.0,37.22,29.78,23.89,12.78,8.61,2.22,2024-04-27,3,0,2.219999999999999,1.1099999999999994,0.0600000000000022,1.0,39.0,10.56,29.093333333333337,28.45285714285714,29.2
50.0,37.8,20.0,7.0,4.2,0.0,33.89,27.78,23.89,12.78,11.78,7.78,2024-04-28,4,0,-3.3299999999999983,0.0,-2.0,0.0,30.0,4.999999999999999,29.093333333333337,28.24714285714285,30.2
56.0,42.0,31.0,10.0,4.9,0.0,35.0,27.83,25.0,25.0,13.5,11.11,2024-04-29,5,1,1.1099999999999994,1.1099999999999994,0.0499999999999971,-0.6300000000000002,25.0,13.89,28.46333333333334,28.0,33.07142857142857
73.0,55.0,42.0,8.0,4.2,0.0,27.78,25.56,22.78,17.78,15.56,12.78,2024-04-30,6,1,-7.219999999999999,-2.219999999999999,-2.27,-1.4066666666666674,31.0,5.000000000000002,27.056666666666672,27.890000000000004,37.04285714285714
100.0,90.6,78.0,9.0,6.2,3.0,23.89,21.67,20.0,21.11,19.94,17.78,2024-05-01,0,0,-3.890000000000001,-2.780000000000001,-3.889999999999997,-2.036666666666666,22.0,3.3299999999999983,25.020000000000007,27.16,45.32857142857142
94.0,85.0,61.0,9.0,6.3,3.0,27.22,23.22,21.11,21.11,20.44,18.89,2024-05-02,1,0,3.3299999999999983,1.1099999999999994,1.5499999999999972,-1.5366666666666664,33.0,2.219999999999999,23.483333333333334,26.50857142857143,52.84285714285714
94.0,83.9,54.0,17.0,4.7,0.0,28.89,22.44,18.89,20.0,19.17,15.0,2024-05-03,2,0,1.6700000000000017,-2.219999999999999,-0.7799999999999976,-1.0399999999999991,40.0,5.0,22.443333333333342,25.46857142857143,60.65714285714285
94.0,65.2,37.0,7.0,2.8,0.0,31.11,25.33,18.89,20.0,17.72,13.89,2024-05-04,3,0,2.219999999999999,0.0,2.889999999999997,1.2199999999999989,57.0,6.109999999999999,23.66333333333334,24.832857142857144,65.64285714285714
78.0,50.8,29.0,7.0,3.0,0.0,32.78,28.39,22.78,18.89,16.67,12.78,2024-05-05,4,0,1.6700000000000017,3.890000000000001,3.0600000000000023,1.7233333333333338,49.0,6.110000000000001,25.386666666666677,24.92,67.5
73.0,41.7,23.0,17.0,4.6,0.0,35.0,29.06,22.78,18.89,14.11,10.0,2024-05-06,5,1,2.219999999999999,0.0,0.6699999999999982,2.2066666666666657,50.0,8.89,27.593333333333344,25.095714285714283,67.45714285714286
78.0,46.6,18.0,23.0,6.2,0.0,37.22,29.22,23.89,20.0,15.22,8.89,2024-05-07,6,1,2.219999999999999,1.1099999999999994,0.1600000000000001,1.2966666666666669,60.0,11.11,28.890000000000004,25.618571428571425,66.25714285714285
88.0,44.6,26.0,14.0,6.0,0.0,35.0,29.61,22.78,22.22,15.28,12.22,2024-05-08,0,0,-2.219999999999999,-1.1099999999999994,0.3900000000000005,0.4066666666666663,62.0,9.999999999999998,29.29666666666667,26.752857142857145,59.6857142857143
65.0,24.9,10.0,9.0,6.3,0.0,37.22,30.78,22.78,16.11,6.17,1.11,2024-05-09,1,0,2.219999999999999,0.0,1.1700000000000017,0.5733333333333341,55.0,15.0,29.870000000000005,27.832857142857144,51.10000000000001
41.0,21.5,10.0,9.0,4.4,0.0,36.11,30.44,22.78,8.89,4.72,0.0,2024-05-10,2,0,-1.1099999999999994,0.0,-0.3399999999999998,0.4066666666666674,31.0,8.89,30.276666666666674,28.97571428571429,42.18571428571429
41.0,24.1,9.0,6.0,2.7,0.0,38.89,31.56,25.0,11.11,7.22,-1.11,2024-05-11,3,0,2.780000000000001,2.219999999999999,1.1199999999999974,0.6499999999999998,32.0,12.22,30.92666666666668,29.865714285714287,36.31428571428572
51.0,23.8,8.0,8.0,4.5,0.0,41.11,33.5,25.0,15.0,7.44,0.0,2024-05-12,4,0,2.219999999999999,0.0,1.9400000000000013,0.9066666666666664,43.0,15.0,31.833333333333343,30.595714285714287,32.45714285714286
45.0,25.7,12.0,9.0,4.3,0.0,40.0,34.06,27.22,18.89,10.67,5.0,2024-05-13,5,1,-1.1099999999999994,2.219999999999999,0.5600000000000023,1.206666666666667,33.0,13.89,33.04000000000001,31.31,30.17142857142857
40.0,25.4,14.0,13.0,6.2,0.0,40.0,33.72,27.78,13.89,10.56,3.89,2024-05-14,6,1,0.0,0.5600000000000023,-0.3400000000000034,0.7200000000000001,26.0,10.0,33.76000000000001,31.952857142857145,27.142857142857142
42.0,24.5,10.0,16.0,7.3,2.0,41.11,33.89,27.22,13.89,9.67,3.89,2024-05-15,0,0,1.1099999999999994,-0.5600000000000023,0.1700000000000017,0.1300000000000002,32.0,10.0,33.89000000000001,32.56428571428571,24.27142857142857
42.0,27.2,15.0,9.0,5.6,0.0,38.89,33.5,27.78,13.89,11.5,7.78,2024-05-16,1,0,-2.219999999999999,0.5600000000000023,-0.3900000000000005,-0.1866666666666674,27.0,6.11,33.70333333333334,32.95285714285714,24.6
78.0,34.6,17.0,21.0,7.7,0.0,40.0,32.67,23.89,20.0,13.83,10.0,2024-05-17,2,0,1.1099999999999994,-3.890000000000001,-0.8299999999999983,-0.349999999999999,61.0,10.0,33.353333333333346,33.27142857142857,26.47142857142857
73.0,46.3,28.0,15.0,6.3,3.0,36.11,30.06,23.89,18.89,16.72,15.0,2024-05-18,3,0,-3.890000000000001,0.0,-2.610000000000003,-1.2766666666666673,45.0,3.890000000000001,32.076666666666675,33.05714285714286,29.642857142857142
69.0,32.8,15.0,12.0,7.1,0.0,37.78,32.5,25.0,18.89,12.94,7.22,2024-05-19,4,0,1.6700000000000017,1.1099999999999994,2.4400000000000013,-0.3333333333333333,54.0,11.670000000000002,31.74333333333334,32.91428571428571,30.928571428571427
51.0,27.3,13.0,12.0,4.2,0.0,40.0,34.11,27.22,16.11,11.5,6.11,2024-05-20,5,1,2.219999999999999,2.219999999999999,1.6099999999999994,0.4799999999999992,38.0,10.0,32.223333333333336,32.92142857142857,31.15714285714285
37.0,20.5,9.0,9.0,4.7,0.0,42.78,36.83,28.89,15.0,9.11,2.78,2024-05-21,6,1,2.780000000000001,1.6700000000000017,2.719999999999999,2.2566666666666664,28.0,12.22,34.480000000000004,33.36571428571428,30.457142857142856
29.0,19.0,12.0,10.0,6.2,0.0,43.89,37.61,31.11,12.78,9.72,6.11,2024-05-22,0,0,1.1099999999999994,2.219999999999999,0.7800000000000011,1.7033333333333331,17.0,6.669999999999999,36.18333333333334,33.89714285714286,29.67142857142857
54.0,26.9,12.0,17.0,8.2,2.0,43.89,35.61,27.22,17.22,12.33,7.78,2024-05-23,1,0,0.0,-3.890000000000001,-2.0,0.5,42.0,9.439999999999998,36.68333333333334,34.19857142857143,29.62857142857143
65.0,45.6,31.0,13.0,7.5,0.0,32.78,29.28,23.89,17.78,16.17,13.89,2024-05-24,2,0,-11.11,-3.3299999999999983,-6.329999999999998,-2.5166666666666657,34.0,3.890000000000001,34.16666666666667,33.714285714285715,31.2
94.0,53.5,28.0,30.0,6.4,2.0,35.0,27.89,21.11,21.11,16.5,13.89,2024-05-25,3,0,2.219999999999999,-2.780000000000001,-1.3900000000000006,-3.24,66.0,7.219999999999999,30.926666666666677,33.40428571428571,32.22857142857143
73.0,47.1,31.0,8.0,4.7,0.0,32.78,29.06,22.78,18.89,16.06,12.78,2024-05-26,4,0,-2.219999999999999,1.6700000000000017,1.1699999999999982,-2.1833333333333336,42.0,6.110000000000001,28.74333333333334,32.91285714285714,34.27142857142857
100.0,65.8,38.0,40.0,6.7,3.0,32.22,26.78,20.0,22.22,19.11,16.11,2024-05-27,5,1,-0.5600000000000023,-2.780000000000001,-2.2799999999999976,-0.8333333333333334,62.0,6.109999999999999,27.910000000000007,31.865714285714287,39.771428571428565
94.0,58.2,38.0,9.0,4.7,0.0,33.89,29.61,22.78,22.22,20.11,17.78,2024-05-28,6,1,1.6700000000000017,2.780000000000001,2.8299999999999983,0.5733333333333329,56.0,4.439999999999998,28.483333333333334,30.83428571428572,45.15714285714286
83.0,67.7,38.0,9.0,3.9,0.0,33.89,26.61,22.78,22.22,19.89,17.22,2024-05-29,0,0,0.0,0.0,-3.0,-0.8166666666666664,45.0,5.0,27.66666666666667,29.262857142857143,52.114285714285714
100.0,68.7,32.0,23.0,5.6,0.0,35.0,27.06,22.22,22.22,19.83,16.11,2024-05-30,1,0,1.1099999999999994,-0.5600000000000023,0.4499999999999993,0.0933333333333325,68.0,6.109999999999999,27.76,28.041428571428572,58.08571428571429
100.0,79.7,48.0,17.0,5.1,0.0,30.0,25.33,21.11,23.89,21.28,17.78,2024-05-31,2,0,-5.0,-1.1099999999999994,-1.7300000000000004,-1.426666666666667,52.0,6.109999999999999,26.33333333333333,27.47714285714285,62.95714285714286
94.0,67.4,48.0,12.0,4.7,0.0,31.11,26.28,22.22,22.78,19.44,17.22,2024-06-01,3,0,1.1099999999999994,1.1099999999999994,0.9500000000000028,-0.1099999999999994,46.0,5.560000000000002,26.22333333333334,27.24714285714285,64.94285714285715
78.0,49.9,33.0,8.0,3.7,0.0,32.78,29.06,22.78,20.0,17.11,13.89,2024-06-02,4,0,1.6700000000000017,0.5600000000000023,2.7799999999999976,0.6666666666666666,45.0,6.109999999999999,26.890000000000004,27.24714285714285,65.34285714285714
69.0,44.3,24.0,8.0,3.4,0.0,33.89,30.72,26.11,20.0,16.72,11.11,2024-06-03,5,1,1.1099999999999994,3.3299999999999983,1.66,1.7966666666666669,45.0,8.89,28.68666666666667,27.81,62.27142857142858
83.0,59.9,41.0,8.0,4.2,0.0,33.89,29.44,25.0,22.22,20.72,17.78,2024-06-04,6,1,0.0,-1.1099999999999994,-1.2799999999999976,1.0533333333333337,42.0,4.439999999999998,29.74000000000001,27.785714285714285,62.51428571428572
79.0,47.9,25.0,12.0,5.1,0.0,37.22,31.61,23.89,22.78,18.17,12.78,2024-06-05,0,0,3.3299999999999983,-1.1099999999999994,2.169999999999998,0.8500000000000002,54.0,10.000000000000002,30.590000000000003,28.5,59.68571428571429
74.0,40.5,22.0,12.0,4.7,0.0,37.78,31.89,25.0,20.0,16.11,12.78,2024-06-06,1,0,0.5600000000000023,1.1099999999999994,0.2800000000000011,0.3900000000000005,52.0,7.220000000000001,30.980000000000004,29.19,55.65714285714286
61.0,33.9,17.0,8.0,4.4,0.0,37.78,32.61,26.11,17.78,13.78,8.89,2024-06-07,2,0,0.0,1.1099999999999994,0.7199999999999989,1.056666666666666,44.0,8.89,32.03666666666667,30.23,49.11428571428571
51.0,29.1,18.0,12.0,5.3,0.0,40.0,34.44,27.78,17.78,13.28,10.0,2024-06-08,3,0,2.219999999999999,1.6700000000000017,1.8299999999999983,0.9433333333333328,33.0,7.780000000000001,32.980000000000004,31.395714285714288,43.642857142857146
55.0,38.7,24.0,10.0,5.8,0.0,40.0,33.72,28.89,20.0,17.44,15.0,2024-06-09,4,0,0.0,1.1099999999999994,-0.7199999999999989,0.6099999999999994,31.0,5.0,33.59,32.06142857142857,42.04285714285714
74.0,39.6,23.0,13.0,7.1,2.0,41.11,34.11,27.22,22.22,17.83,13.89,2024-06-10,5,1,1.1099999999999994,-1.6700000000000017,0.3900000000000005,0.5,51.0,8.329999999999998,34.09,32.54571428571428,41.371428571428574
74.0,45.9,29.0,12.0,6.3,5.0,37.78,33.06,27.22,22.22,19.22,16.11,2024-06-11,6,1,-3.3299999999999983,0.0,-1.0499999999999972,-0.4599999999999984,45.0,6.109999999999999,33.63,33.06285714285714,39.371428571428574
62.0,41.5,26.0,14.0,6.9,0.0,40.0,35.44,28.89,22.22,20.0,17.22,2024-06-12,0,0,2.219999999999999,1.6700000000000017,2.3799999999999955,0.5733333333333329,36.0,5.0,34.20333333333334,33.61,38.457142857142856
55.0,33.1,20.0,22.0,9.7,3.0,41.11,36.39,30.0,22.22,17.22,13.89,2024-06-13,1,0,1.1099999999999994,1.1099999999999994,0.9500000000000028,0.7600000000000003,35.0,8.329999999999998,34.96333333333334,34.252857142857145,37.4
58.0,38.5,26.0,15.0,7.8,3.0,40.0,34.78,28.89,21.11,18.33,16.11,2024-06-14,2,0,-1.1099999999999994,-1.1099999999999994,-1.6099999999999994,0.5733333333333329,32.0,5.0,35.53666666666667,34.56285714285714,38.057142857142864
55.0,40.3,34.0,17.0,7.3,2.0,37.22,33.39,28.89,20.0,18.0,15.0,2024-06-15,3,0,-2.780000000000001,0.0,-1.3900000000000006,-0.6833333333333323,21.0,5.0,34.85333333333334,34.41285714285714,39.65714285714286
89.0,59.9,35.0,12.0,5.0,0.0,37.78,31.89,27.78,27.78,22.61,17.22,2024-06-16,4,0,0.5600000000000023,-1.1099999999999994,-1.5,-1.5,54.0,10.560000000000002,33.35333333333334,34.151428571428575,42.68571428571429
75.0,58.7,37.0,8.0,4.5,0.0,37.78,32.56,28.89,26.11,22.89,20.0,2024-06-17,5,1,0.0,1.1099999999999994,0.6700000000000017,-0.7399999999999997,38.0,6.109999999999999,32.61333333333334,33.93,45.41428571428571
84.0,65.8,53.0,12.0,5.8,3.0,35.0,31.06,27.78,26.11,23.78,22.78,2024-06-18,6,1,-2.780000000000001,-1.1099999999999994,-1.5000000000000036,-0.7766666666666673,31.0,3.3299999999999983,31.836666666666677,33.644285714285715,48.25714285714286
100.0,81.1,62.0,10.0,4.5,0.0,32.22,28.56,26.11,26.11,24.83,22.78,2024-06-19,0,0,-2.780000000000001,-1.6700000000000017,-2.5,-1.1100000000000003,38.0,3.3299999999999983,30.72666666666667,32.66142857142857,53.91428571428571
94.0,67.1,47.0,9.0,5.4,0.0,36.11,31.5,27.22,27.22,24.33,22.22,2024-06-20,1,0,3.890000000000001,1.1099999999999994,2.9400000000000013,-0.3533333333333341,47.0,5.0,30.37333333333333,31.962857142857143,58.771428571428565
94.0,72.7,50.0,12.0,4.6,0.0,36.11,31.0,26.11,27.22,25.22,23.89,2024-06-21,2,0,0.0,-1.1099999999999994,-0.5,-0.0199999999999995,44.0,3.3299999999999983,30.35333333333333,31.42285714285714,63.65714285714285
100.0,68.1,50.0,17.0,4.9,0.0,36.11,32.5,27.22,27.78,25.67,23.89,2024-06-22,3,0,0.0,1.1099999999999994,1.5,1.3133333333333337,50.0,3.890000000000001,31.66666666666667,31.295714285714286,67.62857142857142
100.0,68.9,50.0,9.0,4.2,0.0,36.11,33.0,28.89,28.89,26.28,23.89,2024-06-23,4,0,0.0,1.6700000000000017,0.5,0.5,50.0,5.0,32.16666666666667,31.454285714285717,68.91428571428571
100.0,70.7,47.0,17.0,7.1,3.0,36.11,31.44,25.0,27.78,25.22,22.78,2024-06-24,5,1,0.0,-3.890000000000001,-1.5599999999999987,0.146666666666667,53.0,5.0,32.31333333333334,31.294285714285717,70.62857142857142
100.0,95.2,94.0,8.0,3.4,0.0,27.22,26.28,23.89,26.11,25.39,23.89,2024-06-25,6,1,-8.89,-1.1099999999999994,-5.16,-2.073333333333333,6.0,2.219999999999999,30.24000000000001,30.61142857142857,74.82857142857142
100.0,88.9,70.0,8.0,3.3,0.0,31.11,28.83,26.11,28.89,26.89,25.0,2024-06-26,0,0,3.890000000000001,2.219999999999999,2.549999999999997,-1.3900000000000006,30.0,3.890000000000001,28.850000000000005,30.65,75.94285714285715
100.0,86.9,63.0,9.0,4.4,0.0,32.78,29.44,26.11,28.89,27.0,25.0,2024-06-27,1,0,1.6700000000000017,0.0,0.610000000000003,-0.6666666666666666,37.0,3.890000000000001,28.183333333333337,30.35571428571429,78.77142857142857
100.0,86.3,59.0,17.0,4.5,0.0,33.89,29.17,27.22,27.78,26.83,25.0,2024-06-28,2,0,1.1099999999999994,1.1099999999999994,-0.2699999999999996,0.9633333333333336,41.0,2.780000000000001,29.146666666666675,30.09428571428572,80.71428571428571
100.0,87.2,63.0,13.0,5.2,0.0,33.89,28.78,23.89,27.78,26.5,23.89,2024-06-29,3,0,0.0,-3.3299999999999983,-0.3900000000000005,-0.0166666666666657,37.0,3.890000000000001,29.13000000000001,29.562857142857148,83.44285714285715
100.0,91.0,70.0,9.0,5.1,3.0,32.22,28.33,25.0,27.78,26.67,25.0,2024-06-30,4,0,-1.6700000000000017,1.1099999999999994,-0.4500000000000028,-0.370000000000001,30.0,2.780000000000001,28.760000000000005,28.895714285714284,86.60000000000001
100.0,84.5,66.0,7.0,4.4,0.0,32.78,29.44,27.22,27.22,26.5,25.0,2024-07-01,5,1,0.5600000000000023,2.219999999999999,1.110000000000003,0.0899999999999998,34.0,2.219999999999999,28.850000000000005,28.61,88.57142857142857
100.0,75.4,49.0,6.0,3.5,0.0,35.0,31.11,27.22,27.78,25.94,22.78,2024-07-02,6,1,2.219999999999999,0.0,1.6699999999999982,0.7766666666666661,51.0,5.0,29.62666666666667,29.3,85.74285714285715
94.0,68.2,42.0,6.0,3.6,0.0,37.22,33.22,28.89,27.78,26.11,22.22,2024-07-03,0,0,2.219999999999999,1.6700000000000017,2.1099999999999994,1.63,52.0,5.560000000000002,31.25666666666667,29.927142857142854,82.78571428571429
100.0,84.3,59.0,12.0,4.8,0.0,35.0,30.44,25.0,30.0,27.33,25.0,2024-07-04,1,0,-2.219999999999999,-3.890000000000001,-2.7799999999999976,0.3333333333333333,41.0,5.0,31.590000000000003,30.07,82.41428571428571
100.0,89.8,66.0,17.0,5.4,0.0,32.78,29.22,26.11,28.89,27.33,23.89,2024-07-05,2,0,-2.219999999999999,1.1099999999999994,-1.2200000000000024,-0.6300000000000002,34.0,5.0,30.960000000000004,30.077142857142857,82.91428571428573
100.0,93.3,84.0,13.0,6.4,0.0,30.0,28.06,26.11,27.78,27.06,26.11,2024-07-06,3,0,-2.780000000000001,0.0,-1.16,-1.72,16.0,1.6700000000000017,29.24000000000001,29.974285714285717,83.78571428571429
100.0,85.4,70.0,10.0,6.4,3.0,32.22,29.61,27.22,27.78,26.94,26.11,2024-07-07,4,0,2.219999999999999,1.1099999999999994,1.5500000000000007,-0.2766666666666673,30.0,1.6700000000000017,28.96333333333334,30.157142857142865,82.98571428571428
100.0,99.0,94.0,9.0,5.2,3.0,27.78,27.22,26.11,27.78,27.11,25.0,2024-07-08,5,1,-4.439999999999998,-1.1099999999999994,-2.390000000000001,-0.6666666666666666,6.0,2.780000000000001,28.29666666666667,29.84,85.05714285714285
100.0,98.6,89.0,9.0,3.8,0.0,30.0,26.83,26.11,28.89,26.56,26.11,2024-07-09,6,1,2.219999999999999,0.0,-0.3900000000000005,-0.4100000000000001,11.0,2.780000000000001,27.88666666666667,29.228571428571428,88.37142857142858
100.0,96.7,84.0,8.0,3.5,0.0,31.11,27.56,26.11,28.89,26.89,25.0,2024-07-10,0,0,1.1099999999999994,0.0,0.7300000000000004,-0.6833333333333336,16.0,3.890000000000001,27.203333333333337,28.42,92.44285714285714
100.0,89.8,66.0,6.0,3.0,0.0,32.22,28.72,26.11,27.78,26.83,25.0,2024-07-11,1,0,1.1099999999999994,0.0,1.16,0.5,34.0,2.780000000000001,27.703333333333337,28.174285714285716,93.22857142857144
100.0,89.7,75.0,8.0,3.9,0.0,32.22,29.11,27.22,28.89,27.28,26.11,2024-07-12,2,0,0.0,1.1099999999999994,0.3900000000000005,0.7600000000000003,25.0,2.780000000000001,28.46333333333334,28.158571428571427,93.21428571428572
100.0,89.5,75.0,12.0,5.3,0.0,32.22,29.56,27.22,28.89,27.61,27.22,2024-07-13,3,0,0.0,0.0,0.4499999999999993,0.6666666666666666,25.0,1.6700000000000017,29.13000000000001,28.37285714285714,92.67142857142858
100.0,90.3,75.0,8.0,3.5,0.0,32.78,29.44,27.22,30.0,27.72,27.22,2024-07-14,4,0,0.5600000000000023,0.0,-0.1199999999999974,0.2400000000000008,25.0,2.780000000000001,29.370000000000005,28.34857142857143,93.37142857142858
100.0,89.6,66.0,14.0,4.3,0.0,32.78,29.17,26.11,28.89,27.17,26.11,2024-07-15,5,1,0.0,-1.1099999999999994,-0.2699999999999996,0.0200000000000007,34.0,2.780000000000001,29.390000000000004,28.627142857142854,92.02857142857144
100.0,91.2,66.0,8.0,4.1,0.0,32.78,29.11,27.22,28.89,27.5,26.11,2024-07-16,6,1,0.0,1.1099999999999994,-0.0600000000000022,-0.1499999999999997,34.0,2.780000000000001,29.24000000000001,28.95285714285714,90.97142857142856
100.0,87.8,71.0,8.0,4.2,0.0,32.78,30.28,27.78,28.89,27.83,26.11,2024-07-17,0,0,0.0,0.5600000000000023,1.1700000000000017,0.2799999999999999,29.0,2.780000000000001,29.520000000000007,29.34142857142857,89.7
100.0,93.0,75.0,10.0,6.5,2.0,32.22,29.06,27.78,28.89,27.78,27.22,2024-07-18,1,0,-0.5600000000000023,0.0,-1.2200000000000024,-0.0366666666666676,25.0,1.6700000000000017,29.483333333333334,29.39,90.15714285714286
100.0,82.4,63.0,12.0,6.4,0.0,33.89,30.94,27.78,28.89,27.44,26.11,2024-07-19,2,0,1.6700000000000017,0.0,1.8800000000000023,0.6100000000000007,37.0,2.780000000000001,30.093333333333337,29.65142857142857,89.11428571428573
89.0,69.0,53.0,6.0,3.2,0.0,36.11,32.94,28.89,27.78,26.28,25.0,2024-07-20,3,0,2.219999999999999,1.1099999999999994,1.9999999999999964,0.8866666666666655,36.0,2.780000000000001,30.980000000000004,30.134285714285717,86.18571428571428
100.0,74.0,53.0,9.0,6.4,0.0,36.11,32.83,28.89,28.89,27.28,25.0,2024-07-21,4,0,0.0,0.0,-0.1099999999999994,1.2566666666666666,47.0,3.890000000000001,32.23666666666667,30.618571428571432,83.85714285714286
94.0,75.7,59.0,12.0,8.8,5.0,35.0,31.89,28.89,27.78,27.06,26.11,2024-07-22,5,1,-1.1099999999999994,0.0,-0.9399999999999976,0.3166666666666664,35.0,1.6700000000000017,32.553333333333335,31.00714285714286,81.87142857142858
89.0,73.8,59.0,14.0,8.9,6.0,35.0,31.94,28.89,27.22,26.78,26.11,2024-07-23,6,1,0.0,0.0,0.0500000000000007,-0.3333333333333321,30.0,1.1099999999999994,32.220000000000006,31.411428571428576,79.38571428571427
94.0,72.9,53.0,12.0,8.2,5.0,35.0,32.0,28.89,27.78,26.39,23.89,2024-07-24,0,0,0.0,0.0,0.0599999999999987,-0.2766666666666661,41.0,3.890000000000001,31.94333333333334,31.657142857142865,77.25714285714287
100.0,84.5,66.0,10.0,6.4,0.0,33.89,30.44,27.78,28.89,27.5,26.11,2024-07-25,1,0,-1.1099999999999994,-1.1099999999999994,-1.5599999999999987,-0.4833333333333331,34.0,2.780000000000001,31.460000000000004,31.85428571428572,76.04285714285716
100.0,93.3,75.0,9.0,5.1,2.0,31.11,27.61,25.0,27.22,26.39,25.0,2024-07-26,2,0,-2.780000000000001,-2.780000000000001,-2.830000000000002,-1.443333333333334,25.0,2.219999999999999,30.01666666666667,31.37857142857143,77.60000000000001
100.0,85.3,63.0,8.0,4.1,0.0,33.89,29.56,27.22,27.78,26.89,25.0,2024-07-27,3,0,2.780000000000001,2.219999999999999,1.9499999999999995,-0.8133333333333338,37.0,2.780000000000001,29.203333333333337,30.895714285714284,79.92857142857143
100.0,88.7,70.0,10.0,3.1,0.0,32.78,28.33,25.0,27.22,26.22,25.0,2024-07-28,4,0,-1.1099999999999994,-2.219999999999999,-1.2300000000000004,-0.7033333333333344,30.0,2.219999999999999,28.500000000000004,30.252857142857145,82.02857142857144
100.0,93.8,79.0,7.0,5.0,0.0,31.11,27.78,26.11,30.0,26.78,25.0,2024-07-29,5,1,-1.6700000000000017,1.1099999999999994,-0.5499999999999972,0.0566666666666672,21.0,5.0,28.556666666666672,29.665714285714284,84.61428571428571
100.0,81.9,63.0,8.0,4.9,2.0,33.89,30.11,26.11,27.22,26.78,26.11,2024-07-30,6,1,2.780000000000001,0.0,2.3299999999999983,0.1833333333333335,37.0,1.1099999999999994,28.74000000000001,29.404285714285717,85.77142857142859
100.0,76.0,56.0,9.0,6.6,3.0,35.0,31.61,27.22,28.89,26.78,23.89,2024-07-31,0,0,1.1099999999999994,1.1099999999999994,1.5,1.0933333333333335,44.0,5.0,29.83333333333334,29.34857142857143,86.21428571428571
94.0,75.8,53.0,12.0,7.1,3.0,36.11,31.17,27.78,27.22,26.39,25.0,2024-08-01,1,0,1.1099999999999994,0.5600000000000023,-0.4399999999999977,1.13,41.0,2.219999999999999,30.96333333333334,29.45285714285714,84.97142857142856
100.0,82.5,67.0,12.0,6.8,2.0,33.89,30.17,27.22,27.78,26.94,25.0,2024-08-02,2,0,-2.219999999999999,-0.5600000000000023,-1.0,0.0200000000000007,33.0,2.780000000000001,30.983333333333334,29.81857142857143,83.42857142857143
100.0,83.1,63.0,12.0,6.9,0.0,35.0,30.33,27.22,27.78,27.11,26.11,2024-08-03,3,0,1.1099999999999994,0.0,0.1599999999999966,-0.426666666666667,37.0,1.6700000000000017,30.556666666666672,29.928571428571427,83.11428571428571
100.0,87.9,66.0,7.0,3.4,0.0,32.78,29.28,27.22,27.78,27.06,26.11,2024-08-04,4,0,-2.219999999999999,0.0,-1.0499999999999972,-0.6300000000000002,34.0,1.6700000000000017,29.926666666666677,30.064285714285717,83.0
100.0,86.8,63.0,9.0,4.2,0.0,32.78,29.89,26.11,28.89,27.39,25.0,2024-08-05,5,1,0.0,-1.1099999999999994,0.6099999999999994,-0.0933333333333337,37.0,3.890000000000001,29.83333333333334,30.365714285714287,82.0
89.0,72.4,59.0,14.0,8.4,6.0,33.89,30.94,27.78,27.22,25.44,23.89,2024-08-06,6,1,1.1099999999999994,1.6700000000000017,1.0500000000000007,0.2033333333333343,30.0,3.3299999999999983,30.036666666666672,30.484285714285715,80.64285714285714
89.0,70.7,59.0,12.0,7.9,6.0,32.78,30.28,27.22,26.11,24.28,22.78,2024-08-07,0,0,-1.1099999999999994,-0.5600000000000023,-0.6600000000000001,0.3333333333333333,30.0,3.3299999999999983,30.370000000000005,30.294285714285717,79.88571428571429
89.0,72.0,63.0,12.0,8.7,6.0,32.78,30.78,27.22,27.22,25.11,23.89,2024-08-08,1,0,0.0,0.0,0.5,0.2966666666666668,26.0,3.3299999999999983,30.66666666666667,30.23857142857143,79.34285714285714
79.0,69.7,62.0,12.0,7.2,5.0,32.78,30.44,27.78,25.0,24.22,22.78,2024-08-09,2,0,0.0,0.5600000000000023,-0.3399999999999998,-0.1666666666666666,17.0,2.219999999999999,30.50000000000001,30.277142857142856,77.51428571428572
79.0,70.4,53.0,10.0,6.0,3.0,35.0,30.72,27.78,26.11,24.72,23.89,2024-08-10,3,0,2.219999999999999,0.0,0.2799999999999976,0.1466666666666659,26.0,2.219999999999999,30.646666666666675,30.332857142857144,75.7
79.0,65.0,52.0,10.0,6.7,3.0,35.0,31.28,27.78,25.0,23.78,22.22,2024-08-11,4,0,0.0,0.0,0.5600000000000023,0.1666666666666666,27.0,2.780000000000001,30.813333333333343,30.618571428571432,72.42857142857143
74.0,60.3,44.0,12.0,8.1,6.0,36.11,31.39,27.78,23.89,22.78,22.22,2024-08-12,5,1,1.1099999999999994,0.0,0.1099999999999994,0.3166666666666664,30.0,1.6700000000000017,31.13000000000001,30.83285714285714,68.64285714285714
79.0,65.9,55.0,9.0,6.5,3.0,33.89,30.83,27.78,23.89,23.56,22.78,2024-08-13,6,1,-2.219999999999999,0.0,-0.5600000000000023,0.0366666666666664,24.0,1.1099999999999994,31.16666666666667,30.81714285714286,67.71428571428571
94.0,73.3,55.0,8.0,4.4,0.0,33.89,30.39,27.22,27.78,24.89,22.78,2024-08-14,0,0,0.0,-0.5600000000000023,-0.4399999999999977,-0.2966666666666668,39.0,5.0,30.870000000000005,30.83285714285714,68.08571428571427
94.0,80.8,59.0,12.0,3.6,0.0,32.78,30.39,27.22,30.0,26.67,23.89,2024-08-15,1,0,-1.1099999999999994,0.0,0.0,-0.3333333333333333,35.0,6.109999999999999,30.536666666666672,30.777142857142856,69.34285714285714
89.0,69.1,53.0,12.0,6.3,0.0,35.0,31.94,28.89,27.78,25.61,23.89,2024-08-16,2,0,2.219999999999999,1.6700000000000017,1.5500000000000007,0.370000000000001,36.0,3.890000000000001,30.90666666666667,30.99142857142857,69.25714285714285
79.0,62.0,49.0,12.0,5.8,0.0,35.0,32.33,28.89,25.0,23.94,22.78,2024-08-17,3,0,0.0,0.0,0.389999999999997,0.646666666666666,30.0,2.219999999999999,31.553333333333335,31.22142857142857,68.05714285714285
94.0,66.2,47.0,10.0,5.5,2.0,36.11,32.5,27.22,27.22,25.17,22.78,2024-08-18,4,0,1.1099999999999994,-1.6700000000000017,0.1700000000000017,0.7033333333333331,47.0,4.439999999999998,32.25666666666667,31.395714285714284,68.22857142857143
100.0,87.4,59.0,9.0,3.8,0.0,33.89,29.94,25.0,28.89,27.44,25.0,2024-08-19,5,1,-2.219999999999999,-2.219999999999999,-2.5599999999999987,-0.6666666666666666,41.0,3.890000000000001,31.590000000000003,31.188571428571432,72.1
100.0,75.3,49.0,9.0,5.8,3.0,35.0,31.56,28.89,28.89,26.33,22.78,2024-08-20,6,1,1.1099999999999994,3.890000000000001,1.6199999999999974,-0.2566666666666665,51.0,6.109999999999999,31.33333333333334,31.292857142857144,73.44285714285714
94.0,75.6,53.0,12.0,4.3,0.0,36.11,32.44,28.89,28.89,27.22,25.0,2024-08-21,0,0,1.1099999999999994,0.0,0.879999999999999,-0.0200000000000007,41.0,3.890000000000001,31.313333333333336,31.58571428571429,73.77142857142857
89.0,81.1,59.0,12.0,7.2,0.0,35.0,30.44,27.78,28.89,26.83,25.0,2024-08-22,1,0,-1.1099999999999994,-1.1099999999999994,-1.9999999999999964,0.1666666666666666,30.0,3.890000000000001,31.480000000000004,31.592857142857145,73.81428571428572
100.0,93.4,84.0,9.0,4.6,0.0,28.89,27.44,26.11,27.22,26.39,23.89,2024-08-23,2,0,-6.109999999999999,-1.6700000000000017,-3.0,-1.3733333333333324,16.0,3.3299999999999983,30.106666666666676,30.95,77.28571428571429
89.0,72.3,59.0,9.0,6.7,5.0,32.22,29.28,27.22,25.0,23.56,22.78,2024-08-24,3,0,3.3299999999999983,1.1099999999999994,1.84,-1.053333333333332,30.0,2.219999999999999,29.05333333333334,30.514285714285712,78.75714285714285
79.0,67.7,55.0,9.0,6.9,5.0,33.89,30.33,27.22,25.0,23.5,22.78,2024-08-25,4,0,1.6700000000000017,0.0,1.0499999999999972,-0.0366666666666676,24.0,2.219999999999999,29.01666666666667,30.204285714285717,78.97142857142856
74.0,59.5,49.0,10.0,7.1,5.0,33.89,30.78,27.22,22.78,22.0,20.0,2024-08-26,5,1,0.0,0.0,0.4500000000000028,1.1133333333333333,25.0,2.780000000000001,30.13000000000001,30.32428571428571,74.98571428571428
74.0,58.2,44.0,12.0,7.2,3.0,35.0,30.44,27.22,22.78,21.44,20.0,2024-08-27,6,1,1.1099999999999994,0.0,-0.3399999999999998,0.3866666666666667,30.0,2.780000000000001,30.51666666666667,30.16428571428571,72.54285714285714
74.0,62.4,49.0,14.0,6.5,0.0,33.89,31.0,27.22,25.0,22.89,21.11,2024-08-28,0,0,-1.1099999999999994,0.0,0.5599999999999987,0.2233333333333339,25.0,3.890000000000001,30.74000000000001,29.958571428571425,70.65714285714286
79.0,61.5,47.0,10.0,5.8,3.0,35.0,31.44,27.22,26.11,23.11,21.11,2024-08-29,1,0,1.1099999999999994,0.0,0.4400000000000013,0.22,32.0,5.0,30.960000000000008,30.101428571428567,67.85714285714286
79.0,60.1,47.0,10.0,5.7,0.0,35.0,31.39,27.78,25.0,22.72,21.11,2024-08-30,2,0,0.0,0.5600000000000023,-0.0500000000000007,0.3166666666666664,32.0,3.890000000000001,31.27666666666667,30.665714285714284,63.10000000000001
79.0,57.2,44.0,13.0,6.5,0.0,35.0,32.56,27.78,23.89,22.83,21.11,2024-08-31,3,0,0.0,0.0,1.1700000000000017,0.5200000000000008,35.0,2.780000000000001,31.79666666666667,31.134285714285717,60.94285714285714
84.0,53.7,34.0,12.0,7.5,0.0,36.11,33.33,27.78,25.0,22.22,17.78,2024-09-01,4,0,1.1099999999999994,0.0,0.769999999999996,0.629999999999999,50.0,7.219999999999999,32.42666666666667,31.562857142857144,58.942857142857136
84.0,58.4,39.0,10.0,5.8,0.0,36.11,31.89,27.78,25.0,22.22,18.89,2024-09-02,5,1,0.0,0.0,-1.4399999999999975,0.1666666666666666,45.0,6.109999999999999,32.59333333333334,31.72142857142857,58.78571428571429
79.0,56.4,24.0,10.0,5.9,0.0,36.11,31.5,27.78,23.89,21.17,11.11,2024-09-03,6,1,0.0,0.0,-0.3900000000000005,-0.3533333333333341,55.0,12.78,32.24,31.872857142857143,58.52857142857143
84.0,55.7,32.0,10.0,6.7,3.0,36.11,31.56,27.78,25.0,21.11,17.22,2024-09-04,0,0,0.0,0.0,0.0599999999999987,-0.5899999999999999,52.0,7.780000000000001,31.65000000000001,31.952857142857145,57.57142857142857
79.0,59.5,41.0,7.0,4.0,0.0,36.11,31.94,27.22,23.89,22.83,21.11,2024-09-05,1,0,0.0,-0.5600000000000023,0.3800000000000025,0.0166666666666669,38.0,2.780000000000001,31.66666666666667,32.02428571428572,57.285714285714285
79.0,57.8,34.0,8.0,4.3,0.0,36.11,31.33,27.22,25.0,21.39,17.78,2024-09-06,2,0,0.0,0.0,-0.610000000000003,-0.0566666666666672,45.0,7.219999999999999,31.610000000000003,32.01571428571429,56.957142857142856
74.0,62.9,44.0,9.0,3.9,0.0,36.11,30.89,27.78,23.89,22.83,21.11,2024-09-07,3,0,0.0,0.5600000000000023,-0.4399999999999977,-0.2233333333333327,30.0,2.780000000000001,31.38666666666667,31.777142857142856,57.771428571428565
100.0,80.1,70.0,10.0,6.4,5.0,28.89,27.5,25.0,25.0,23.72,22.78,2024-09-08,4,0,-7.219999999999999,-2.780000000000001,-3.390000000000001,-1.4800000000000004,30.0,2.219999999999999,29.90666666666667,30.94428571428572,61.54285714285714
100.0,89.5,62.0,14.0,7.6,5.0,31.11,26.61,23.89,26.11,24.56,22.78,2024-09-09,5,1,2.219999999999999,-1.1099999999999994,-0.8900000000000006,-1.573333333333333,38.0,3.3299999999999983,28.33333333333334,30.19,65.98571428571428
100.0,95.9,84.0,10.0,7.3,5.0,28.89,25.72,23.89,27.22,24.94,23.89,2024-09-10,6,1,-2.219999999999999,0.0,-0.8900000000000006,-1.7233333333333338,16.0,3.3299999999999983,26.610000000000003,29.36428571428572,71.62857142857142
100.0,85.2,66.0,8.0,3.9,0.0,31.11,27.83,25.0,26.11,25.0,23.89,2024-09-11,0,0,2.219999999999999,1.1099999999999994,2.1099999999999994,0.1099999999999994,34.0,2.219999999999999,26.72,28.83142857142857,75.84285714285714
94.0,77.9,59.0,7.0,3.4,0.0,32.78,29.44,26.11,26.11,25.06,23.89,2024-09-12,1,0,1.6700000000000017,1.1099999999999994,1.610000000000003,0.943333333333334,35.0,2.219999999999999,27.663333333333338,28.474285714285717,78.47142857142858
100.0,74.1,59.0,8.0,3.3,0.0,33.89,31.11,27.22,27.78,25.83,23.89,2024-09-13,2,0,1.1099999999999994,1.1099999999999994,1.6699999999999982,1.7966666666666669,41.0,3.890000000000001,29.460000000000004,28.442857142857147,80.8
100.0,72.7,56.0,7.0,4.8,0.0,35.0,32.0,27.78,27.78,26.39,23.89,2024-09-14,3,0,1.1099999999999994,0.5600000000000023,0.8900000000000006,1.3900000000000006,44.0,3.890000000000001,30.850000000000005,28.60142857142857,82.20000000000002
100.0,85.3,66.0,12.0,5.7,0.0,32.22,28.72,23.89,27.78,26.0,22.78,2024-09-15,4,0,-2.780000000000001,-3.890000000000001,-3.280000000000001,-0.2400000000000008,34.0,5.0,30.610000000000003,28.775714285714287,82.94285714285715
100.0,92.3,66.0,12.0,6.8,3.0,32.22,27.61,25.0,27.78,26.22,25.0,2024-09-16,5,1,0.0,1.1099999999999994,-1.1099999999999994,-1.1666666666666667,34.0,2.780000000000001,29.44333333333334,28.918571428571425,83.34285714285714
100.0,86.0,66.0,12.0,8.5,6.0,32.22,28.22,25.0,27.22,25.5,22.78,2024-09-17,6,1,0.0,0.0,0.6099999999999994,-1.2600000000000005,34.0,4.439999999999998,28.183333333333337,29.275714285714283,81.92857142857143
100.0,77.8,59.0,13.0,7.7,5.0,32.22,29.06,25.0,26.11,24.61,22.78,2024-09-18,0,0,0.0,0.0,0.8399999999999999,0.1133333333333332,41.0,3.3299999999999983,28.29666666666667,29.45142857142857,80.87142857142858
94.0,67.3,52.0,9.0,6.5,2.0,33.89,30.94,27.22,26.11,24.0,22.22,2024-09-19,1,0,1.6700000000000017,2.219999999999999,1.8800000000000023,1.1100000000000003,42.0,3.890000000000001,29.40666666666667,29.665714285714284,79.35714285714286
89.0,65.3,44.0,5.0,2.6,0.0,36.11,31.28,27.22,26.11,23.72,22.22,2024-09-20,2,0,2.219999999999999,0.0,0.3399999999999998,1.020000000000001,45.0,3.890000000000001,30.426666666666677,29.69,78.1
89.0,70.0,47.0,12.0,4.9,3.0,36.11,30.89,27.78,26.11,24.5,22.78,2024-09-21,3,0,0.0,0.5600000000000023,-0.3900000000000005,0.6100000000000007,42.0,3.3299999999999983,31.036666666666672,29.53142857142857,77.71428571428571
100.0,72.2,49.0,6.0,4.0,0.0,33.89,30.72,27.22,27.22,24.94,22.22,2024-09-22,4,0,-2.219999999999999,-0.5600000000000023,-0.1700000000000017,-0.0733333333333341,51.0,5.0,30.96333333333334,29.81714285714286,75.84285714285714
100.0,84.9,59.0,20.0,2.9,0.0,32.78,27.78,25.0,26.11,24.83,22.78,2024-09-23,5,1,-1.1099999999999994,-2.219999999999999,-2.9399999999999977,-1.1666666666666667,41.0,3.3299999999999983,29.79666666666667,29.841428571428573,74.78571428571429
100.0,73.7,52.0,123.0,12.8,0.0,32.78,29.72,25.0,26.11,24.17,22.22,2024-09-24,6,1,0.0,0.0,1.9399999999999975,-0.3900000000000005,48.0,3.890000000000001,29.40666666666667,30.055714285714288,73.02857142857144
